{"cameraMode":{"drawMode":0,"name":"Shaded","section":"Shading Mode"},"sceneLighting":false,"audioPlay":false,"sceneViewState":{"m_AlwaysRefresh":false,"showFog":true,"showSkybox":false,"showFlares":true,"showImageEffects":true,"showParticleSystems":true,"showVisualEffectGraphs":true,"m_FxEnabled":true},"in2DMode":false,"pivot":{"x":-0.11587709188461304,"y":1.0075178146362305,"z":0.8831984996795654},"rotation":{"x":-0.0012469312641769648,"y":-0.9987205266952515,"z":0.031470105051994327,"w":-0.03957200050354004},"size":1.1216384172439576,"orthographic":true}