{"cameraMode":{"drawMode":0,"name":"Shaded","section":"Shading Mode"},"sceneLighting":false,"audioPlay":false,"sceneViewState":{"m_AlwaysRefresh":false,"showFog":true,"showSkybox":false,"showFlares":true,"showImageEffects":true,"showParticleSystems":true,"showVisualEffectGraphs":true,"m_FxEnabled":true},"in2DMode":false,"pivot":{"x":-0.33833444118499758,"y":1.158033847808838,"z":-0.1356889307498932},"rotation":{"x":0.007071040105074644,"y":-0.9885241389274597,"z":0.048971936106681827,"w":0.14273211359977723},"size":1.0604380369186402,"orthographic":true}