{"cameraMode":{"drawMode":0,"name":"Shaded","section":"Shading Mode"},"sceneLighting":false,"audioPlay":false,"sceneViewState":{"m_AlwaysRefresh":false,"showFog":true,"showSkybox":false,"showFlares":true,"showImageEffects":true,"showParticleSystems":true,"showVisualEffectGraphs":true,"m_FxEnabled":true},"in2DMode":false,"pivot":{"x":0.628768801689148,"y":0.9887909889221191,"z":0.6224039793014526},"rotation":{"x":0.007071040105074644,"y":-0.9885241389274597,"z":0.048971936106681827,"w":0.14273211359977723},"size":0.9939793348312378,"orthographic":true}